V1;V2;V3;V4;V5
1;0.94405699625188;0.494280841818805;1.90996072754516;positive;0
2;0.94405699625188;14.8221742105039;0.0636922075563559;negative;1
3;0.94405699625188;0.494280841818805;1.90996072754516;positive;0
4;0.94405699625188;0.494280841818805;1.90996072754516;positive;0
5;0.94405699625188;0.494280841818805;1.90996072754516;positive;0
6;0.94405699625188;0.494280841818805;1.90996072754516;positive;0
7;0.94405699625188;0.494280841818805;1.90996072754516;positive;0
8;0.94405699625188;0.494280841818805;1.90996072754516;positive;0
9;0.94405699625188;0.494280841818805;1.90996072754516;positive;0
10;0.94405699625188;0.494280841818805;1.90996072754516;positive;0
11;0.94405699625188;0.494280841818805;1.90996072754516;positive;0
12;0.94405699625188;0.494280841818805;1.90996072754516;positive;0
13;0.94405699625188;0.494280841818805;1.90996072754516;positive;0
14;0.94405699625188;0.494280841818805;1.90996072754516;positive;0
15;6.96508034560141;0.494280841818805;14.0913419180319;positive;0
16;0.94405699625188;0.494280841818805;1.90996072754516;positive;0
17;6.96508034560141;0.494280841818805;14.0913419180319;positive;0
18;0.94405699625188;0.494280841818805;1.90996072754516;positive;0
19;7.65822752616135;0.494280841818805;15.4936766272012;positive;0
20;0.94405699625188;0.494280841818805;1.90996072754516;positive;0
21;0.94405699625188;7.65822752616135;0.12327356337049;negative;1
22;0.94405699625188;0.494280841818805;1.90996072754516;positive;0
23;0.94405699625188;7.65822752616135;0.12327356337049;negative;1
24;0.94405699625188;0.494280841818805;1.90996072754516;positive;0
25;0.94405699625188;0.494280841818805;1.90996072754516;positive;0
26;0.94405699625188;0.494280841818805;1.90996072754516;positive;0
27;0.94405699625188;0.494280841818805;1.90996072754516;positive;0
28;0.94405699625188;0.494280841818805;1.90996072754516;positive;0
29;13.6792508755109;0.494280841818805;27.6750578176879;positive;0
30;0.94405699625188;7.65822752616135;0.12327356337049;negative;1
31;0.94405699625188;0.494280841818805;1.90996072754516;positive;0
32;0.94405699625188;0.494280841818805;1.90996072754516;positive;0
33;0.94405699625188;0.494280841818805;1.90996072754516;positive;0
34;0.94405699625188;0.494280841818805;1.90996072754516;positive;0
35;0.94405699625188;7.65822752616135;0.12327356337049;negative;1
36;0.94405699625188;7.65822752616135;0.12327356337049;negative;1
37;0.94405699625188;7.65822752616135;0.12327356337049;negative;1
38;0.94405699625188;0.494280841818805;1.90996072754516;positive;0
39;0.94405699625188;0.494280841818805;1.90996072754516;positive;0
40;0.94405699625188;7.65822752616135;0.12327356337049;negative;1
41;6.96508034560141;14.8221742105039;0.469909491460809;negative;1
42;0.94405699625188;0.494280841818805;1.90996072754516;positive;0
43;0.94405699625188;0.494280841818805;1.90996072754516;positive;0
44;0.94405699625188;0.494280841818805;1.90996072754516;positive;0
45;0.94405699625188;0.494280841818805;1.90996072754516;positive;0
46;0.94405699625188;0.494280841818805;1.90996072754516;positive;0
47;0.94405699625188;0.494280841818805;1.90996072754516;positive;0
48;0.94405699625188;7.65822752616135;0.12327356337049;negative;1
49;0.94405699625188;0.494280841818805;1.90996072754516;positive;0
50;0.94405699625188;7.65822752616135;0.12327356337049;negative;1
51;7.65822752616135;0.494280841818805;15.4936766272012;positive;0
52;0.94405699625188;14.8221742105039;0.0636922075563559;negative;1
53;0.94405699625188;0.494280841818805;1.90996072754516;positive;0
54;0.94405699625188;0.494280841818805;1.90996072754516;positive;0
55;0.94405699625188;0.494280841818805;1.90996072754516;positive;0
56;7.65822752616135;0.494280841818805;15.4936766272012;positive;0
57;0.94405699625188;0.494280841818805;1.90996072754516;positive;0
58;7.65822752616135;7.65822752616135;1;neutral;1
59;0.94405699625188;0.494280841818805;1.90996072754516;positive;0
60;0.94405699625188;0.494280841818805;1.90996072754516;positive;0
61;0.94405699625188;7.65822752616135;0.12327356337049;negative;1
62;0.94405699625188;0.494280841818805;1.90996072754516;positive;0
63;0.94405699625188;0.494280841818805;1.90996072754516;positive;0
64;0.94405699625188;0.494280841818805;1.90996072754516;positive;0
65;0.94405699625188;0.494280841818805;1.90996072754516;positive;0
66;0.94405699625188;0.494280841818805;1.90996072754516;positive;0
67;0.94405699625188;0.494280841818805;1.90996072754516;positive;0
68;0.94405699625188;0.494280841818805;1.90996072754516;positive;0
69;6.96508034560141;0.494280841818805;14.0913419180319;positive;0
70;0.94405699625188;7.65822752616135;0.12327356337049;negative;1
71;0.94405699625188;0.494280841818805;1.90996072754516;positive;0
72;0.94405699625188;0.494280841818805;1.90996072754516;positive;0
73;0.94405699625188;0.494280841818805;1.90996072754516;positive;0
74;0.94405699625188;0.494280841818805;1.90996072754516;positive;0
75;0.94405699625188;0.494280841818805;1.90996072754516;positive;0
76;0.94405699625188;0.494280841818805;1.90996072754516;positive;0
77;0.94405699625188;0.494280841818805;1.90996072754516;positive;0
78;0.94405699625188;0.494280841818805;1.90996072754516;positive;0
79;0.94405699625188;0.494280841818805;1.90996072754516;positive;0
80;0.94405699625188;0.494280841818805;1.90996072754516;positive;0
81;0.94405699625188;0.494280841818805;1.90996072754516;positive;0
82;0.94405699625188;0.494280841818805;1.90996072754516;positive;0
83;0.94405699625188;0.494280841818805;1.90996072754516;positive;0
84;0.94405699625188;7.65822752616135;0.12327356337049;negative;1
85;0.94405699625188;0.494280841818805;1.90996072754516;positive;0
86;0.94405699625188;0.494280841818805;1.90996072754516;positive;0
87;0.94405699625188;0.494280841818805;1.90996072754516;positive;0
88;0.94405699625188;0.494280841818805;1.90996072754516;positive;0
89;0.94405699625188;0.494280841818805;1.90996072754516;positive;0
90;0.94405699625188;0.494280841818805;1.90996072754516;positive;0
91;0.94405699625188;0.494280841818805;1.90996072754516;positive;0
92;0.94405699625188;0.494280841818805;1.90996072754516;positive;0
93;0.94405699625188;7.65822752616135;0.12327356337049;negative;1
94;0.94405699625188;0.494280841818805;1.90996072754516;positive;0
95;0.94405699625188;0.494280841818805;1.90996072754516;positive;0
96;6.96508034560141;0.494280841818805;14.0913419180319;positive;0
97;0.94405699625188;0.494280841818805;1.90996072754516;positive;0
98;0.94405699625188;0.494280841818805;1.90996072754516;positive;0
99;0.94405699625188;7.65822752616135;0.12327356337049;negative;1
100;0.94405699625188;7.65822752616135;0.12327356337049;negative;1
101;0.94405699625188;0.494280841818805;1.90996072754516;positive;0
102;0.94405699625188;0.494280841818805;1.90996072754516;positive;0
103;0.94405699625188;0.494280841818805;1.90996072754516;positive;0
104;0.94405699625188;0.494280841818805;1.90996072754516;positive;0
105;0.94405699625188;0.494280841818805;1.90996072754516;positive;0
106;0.94405699625188;0.494280841818805;1.90996072754516;positive;0
107;0.94405699625188;0.494280841818805;1.90996072754516;positive;0
108;0.94405699625188;0.494280841818805;1.90996072754516;positive;0
109;0.94405699625188;0.494280841818805;1.90996072754516;positive;0
110;0.94405699625188;0.494280841818805;1.90996072754516;positive;0
111;0.94405699625188;0.494280841818805;1.90996072754516;positive;0
112;0.94405699625188;0.494280841818805;1.90996072754516;positive;0
113;0.94405699625188;0.494280841818805;1.90996072754516;positive;0
114;0.94405699625188;0.494280841818805;1.90996072754516;positive;0
115;0.94405699625188;0.494280841818805;1.90996072754516;positive;0
116;0.94405699625188;0.494280841818805;1.90996072754516;positive;0
117;0.94405699625188;0.494280841818805;1.90996072754516;positive;0
118;0.94405699625188;0.494280841818805;1.90996072754516;positive;0
119;0.94405699625188;0.494280841818805;1.90996072754516;positive;0
120;0.94405699625188;0.494280841818805;1.90996072754516;positive;0
121;0.94405699625188;14.8221742105039;0.0636922075563559;negative;1
122;0.94405699625188;0.494280841818805;1.90996072754516;positive;0
123;0.94405699625188;0.494280841818805;1.90996072754516;positive;0
124;0.94405699625188;0.494280841818805;1.90996072754516;positive;0
125;7.65822752616135;7.65822752616135;1;neutral;1
126;0.94405699625188;0.494280841818805;1.90996072754516;positive;0
127;0.94405699625188;0.494280841818805;1.90996072754516;positive;0
128;0.94405699625188;7.65822752616135;0.12327356337049;negative;1
129;0.94405699625188;0.494280841818805;1.90996072754516;positive;0
130;0.94405699625188;0.494280841818805;1.90996072754516;positive;0
131;0.94405699625188;0.494280841818805;1.90996072754516;positive;0
132;0.94405699625188;0.494280841818805;1.90996072754516;positive;0
133;0.94405699625188;7.65822752616135;0.12327356337049;negative;0
134;0.94405699625188;0.494280841818805;1.90996072754516;positive;0
135;0.94405699625188;0.494280841818805;1.90996072754516;positive;0
136;0.94405699625188;0.494280841818805;1.90996072754516;positive;0
137;0.94405699625188;0.494280841818805;1.90996072754516;positive;0
138;0.94405699625188;14.8221742105039;0.0636922075563559;negative;1
139;0.94405699625188;0.494280841818805;1.90996072754516;positive;0
140;0.94405699625188;0.494280841818805;1.90996072754516;positive;0
141;0.94405699625188;0.494280841818805;1.90996072754516;positive;0
142;0.94405699625188;0.494280841818805;1.90996072754516;positive;0
143;0.94405699625188;0.494280841818805;1.90996072754516;positive;0
144;0.94405699625188;0.494280841818805;1.90996072754516;positive;0
145;6.96508034560141;0.494280841818805;14.0913419180319;positive;0
146;0.94405699625188;0.494280841818805;1.90996072754516;positive;0
147;0.94405699625188;0.494280841818805;1.90996072754516;positive;0
148;0.94405699625188;0.494280841818805;1.90996072754516;positive;0
149;0.94405699625188;0.494280841818805;1.90996072754516;positive;0
150;0.94405699625188;0.494280841818805;1.90996072754516;positive;0
151;0.94405699625188;0.494280841818805;1.90996072754516;positive;0
152;0.94405699625188;0.494280841818805;1.90996072754516;positive;0
153;0.94405699625188;0.494280841818805;1.90996072754516;positive;0
154;0.94405699625188;0.494280841818805;1.90996072754516;positive;0
155;0.94405699625188;0.494280841818805;1.90996072754516;positive;0
156;0.94405699625188;0.494280841818805;1.90996072754516;positive;0
157;6.96508034560141;0.494280841818805;14.0913419180319;positive;0
158;6.96508034560141;0.494280841818805;14.0913419180319;positive;0
159;6.96508034560141;0.494280841818805;14.0913419180319;positive;0
160;0.94405699625188;0.494280841818805;1.90996072754516;positive;0
161;0.94405699625188;0.494280841818805;1.90996072754516;positive;0
162;0.94405699625188;0.494280841818805;1.90996072754516;positive;0
163;12.9861036949509;21.9861208948464;0.590650063149379;negative;1
164;6.96508034560141;0.494280841818805;14.0913419180319;positive;0
165;0.94405699625188;0.494280841818805;1.90996072754516;positive;0
166;0.94405699625188;0.494280841818805;1.90996072754516;positive;0
167;0.94405699625188;0.494280841818805;1.90996072754516;positive;0
168;0.94405699625188;14.8221742105039;0.0636922075563559;negative;1
169;7.65822752616135;0.494280841818805;15.4936766272012;positive;0
170;7.65822752616135;0.494280841818805;15.4936766272012;positive;0
171;0.94405699625188;0.494280841818805;1.90996072754516;positive;0
172;0.94405699625188;0.494280841818805;1.90996072754516;positive;0
173;0.94405699625188;14.8221742105039;0.0636922075563559;negative;1
174;0.94405699625188;0.494280841818805;1.90996072754516;positive;0
175;0.94405699625188;0.494280841818805;1.90996072754516;positive;0
176;0.94405699625188;0.494280841818805;1.90996072754516;positive;0
177;0.94405699625188;0.494280841818805;1.90996072754516;positive;0
178;0.94405699625188;0.494280841818805;1.90996072754516;positive;0
179;0.94405699625188;0.494280841818805;1.90996072754516;positive;0
180;0.94405699625188;0.494280841818805;1.90996072754516;positive;0
181;7.65822752616135;0.494280841818805;15.4936766272012;positive;0
182;6.96508034560141;0.494280841818805;14.0913419180319;positive;0
183;0.94405699625188;0.494280841818805;1.90996072754516;positive;0
184;0.94405699625188;0.494280841818805;1.90996072754516;positive;0
185;0.94405699625188;0.494280841818805;1.90996072754516;positive;0
186;0.94405699625188;7.65822752616135;0.12327356337049;negative;1
187;0.94405699625188;0.494280841818805;1.90996072754516;positive;0
188;0.94405699625188;0.494280841818805;1.90996072754516;positive;0
189;6.96508034560141;0.494280841818805;14.0913419180319;positive;0
190;0.94405699625188;0.494280841818805;1.90996072754516;positive;0
191;0.94405699625188;0.494280841818805;1.90996072754516;positive;0
192;0.94405699625188;0.494280841818805;1.90996072754516;positive;0
193;0.94405699625188;0.494280841818805;1.90996072754516;positive;0
194;0.94405699625188;0.494280841818805;1.90996072754516;positive;0
195;0.94405699625188;0.494280841818805;1.90996072754516;positive;0
196;0.94405699625188;7.65822752616135;0.12327356337049;negative;0
197;0.94405699625188;0.494280841818805;1.90996072754516;positive;0
198;0.94405699625188;0.494280841818805;1.90996072754516;positive;0
199;6.96508034560141;0.494280841818805;14.0913419180319;positive;0
200;0.94405699625188;0.494280841818805;1.90996072754516;positive;0
201;0.94405699625188;0.494280841818805;1.90996072754516;positive;0
202;6.96508034560141;0.494280841818805;14.0913419180319;positive;0
203;0.94405699625188;0.494280841818805;1.90996072754516;positive;0
204;0.94405699625188;0.494280841818805;1.90996072754516;positive;0
205;0.94405699625188;0.494280841818805;1.90996072754516;positive;0
206;0.94405699625188;0.494280841818805;1.90996072754516;positive;0
207;0.94405699625188;0.494280841818805;1.90996072754516;positive;0
208;0.94405699625188;0.494280841818805;1.90996072754516;positive;0
209;0.94405699625188;0.494280841818805;1.90996072754516;positive;0
210;7.65822752616135;0.494280841818805;15.4936766272012;positive;0
211;0.94405699625188;0.494280841818805;1.90996072754516;positive;0
212;0.94405699625188;0.494280841818805;1.90996072754516;positive;0
213;0.94405699625188;0.494280841818805;1.90996072754516;positive;0
214;0.94405699625188;0.494280841818805;1.90996072754516;positive;0
215;0.94405699625188;0.494280841818805;1.90996072754516;positive;0
216;0.94405699625188;0.494280841818805;1.90996072754516;positive;0
217;0.94405699625188;0.494280841818805;1.90996072754516;positive;0
218;7.65822752616135;0.494280841818805;15.4936766272012;positive;0
219;6.96508034560141;0.494280841818805;14.0913419180319;positive;0
220;0.94405699625188;0.494280841818805;1.90996072754516;positive;0
221;6.96508034560141;0.494280841818805;14.0913419180319;positive;0
222;0.94405699625188;0.494280841818805;1.90996072754516;positive;0
223;0.94405699625188;0.494280841818805;1.90996072754516;positive;0
224;0.94405699625188;0.494280841818805;1.90996072754516;positive;0
225;0.94405699625188;0.494280841818805;1.90996072754516;positive;0
226;0.94405699625188;0.494280841818805;1.90996072754516;positive;0
227;0.94405699625188;0.494280841818805;1.90996072754516;positive;0
228;0.94405699625188;0.494280841818805;1.90996072754516;positive;0
229;0.94405699625188;0.494280841818805;1.90996072754516;positive;0
230;0.94405699625188;0.494280841818805;1.90996072754516;positive;0
231;0.94405699625188;0.494280841818805;1.90996072754516;positive;0
232;0.94405699625188;0.494280841818805;1.90996072754516;positive;0
233;0.94405699625188;0.494280841818805;1.90996072754516;positive;0
234;0.94405699625188;0.494280841818805;1.90996072754516;positive;0
235;0.94405699625188;7.65822752616135;0.12327356337049;negative;1
236;0.94405699625188;0.494280841818805;1.90996072754516;positive;0
237;0.94405699625188;0.494280841818805;1.90996072754516;positive;0
238;0.94405699625188;0.494280841818805;1.90996072754516;positive;0
239;0.94405699625188;0.494280841818805;1.90996072754516;positive;0
240;0.94405699625188;0.494280841818805;1.90996072754516;positive;0
241;0.94405699625188;0.494280841818805;1.90996072754516;positive;0
242;6.96508034560141;7.65822752616135;0.909489868485615;negative;1
243;6.96508034560141;0.494280841818805;14.0913419180319;positive;0
244;13.6792508755109;14.8221742105039;0.922890979504001;negative;1
245;12.9861036949509;0.494280841818805;26.2727231085186;positive;0
246;0.94405699625188;0.494280841818805;1.90996072754516;positive;0
247;12.9861036949509;0.494280841818805;26.2727231085186;positive;0
248;7.65822752616135;0.494280841818805;15.4936766272012;positive;0
249;6.96508034560141;0.494280841818805;14.0913419180319;positive;0
250;0.94405699625188;7.65822752616135;0.12327356337049;negative;1
251;6.96508034560141;0.494280841818805;14.0913419180319;positive;0
252;0.94405699625188;7.65822752616135;0.12327356337049;negative;1
253;6.96508034560141;0.494280841818805;14.0913419180319;positive;0
254;12.9861036949509;0.494280841818805;26.2727231085186;positive;0
255;0.94405699625188;0.494280841818805;1.90996072754516;positive;0
256;0.94405699625188;0.494280841818805;1.90996072754516;positive;0
257;0.94405699625188;7.65822752616135;0.12327356337049;negative;1
258;13.6792508755109;0.494280841818805;27.6750578176879;positive;0
259;7.65822752616135;0.494280841818805;15.4936766272012;positive;0
260;0.94405699625188;0.494280841818805;1.90996072754516;positive;0
261;0.94405699625188;7.65822752616135;0.12327356337049;negative;1
262;0.94405699625188;0.494280841818805;1.90996072754516;positive;0
263;0.94405699625188;0.494280841818805;1.90996072754516;positive;0
264;0.94405699625188;0.494280841818805;1.90996072754516;positive;0
265;0.94405699625188;0.494280841818805;1.90996072754516;positive;0
266;0.94405699625188;0.494280841818805;1.90996072754516;positive;0
267;6.96508034560141;0.494280841818805;14.0913419180319;positive;0
268;6.96508034560141;0.494280841818805;14.0913419180319;positive;0
269;0.94405699625188;0.494280841818805;1.90996072754516;positive;0
270;6.96508034560141;0.494280841818805;14.0913419180319;positive;0
271;0.94405699625188;0.494280841818805;1.90996072754516;positive;0
272;6.96508034560141;0.494280841818805;14.0913419180319;positive;0
273;0.94405699625188;0.494280841818805;1.90996072754516;positive;0
274;6.96508034560141;0.494280841818805;14.0913419180319;positive;0
275;6.96508034560141;7.65822752616135;0.909489868485615;negative;1
276;0.94405699625188;0.494280841818805;1.90996072754516;positive;0
277;0.94405699625188;0.494280841818805;1.90996072754516;positive;0
278;0.94405699625188;0.494280841818805;1.90996072754516;positive;0
279;6.96508034560141;0.494280841818805;14.0913419180319;positive;0
280;0.94405699625188;0.494280841818805;1.90996072754516;positive;0
281;0.94405699625188;0.494280841818805;1.90996072754516;positive;0
282;0.94405699625188;0.494280841818805;1.90996072754516;positive;0
283;0.94405699625188;0.494280841818805;1.90996072754516;positive;0
284;0.94405699625188;7.65822752616135;0.12327356337049;negative;1
285;0.94405699625188;0.494280841818805;1.90996072754516;positive;0
286;12.9861036949509;7.65822752616135;1.69570617360074;positive;1
287;0.94405699625188;0.494280841818805;1.90996072754516;positive;0
288;6.96508034560141;0.494280841818805;14.0913419180319;positive;0
289;6.96508034560141;0.494280841818805;14.0913419180319;positive;0
290;0.94405699625188;0.494280841818805;1.90996072754516;positive;0
291;0.94405699625188;0.494280841818805;1.90996072754516;positive;0
292;6.96508034560141;7.65822752616135;0.909489868485615;negative;1
293;0.94405699625188;0.494280841818805;1.90996072754516;positive;0
294;0.94405699625188;0.494280841818805;1.90996072754516;positive;0
295;0.94405699625188;0.494280841818805;1.90996072754516;positive;0
296;0.94405699625188;0.494280841818805;1.90996072754516;positive;0
297;0.94405699625188;0.494280841818805;1.90996072754516;positive;0
298;0.94405699625188;0.494280841818805;1.90996072754516;positive;0
299;0.94405699625188;0.494280841818805;1.90996072754516;positive;0
300;7.65822752616135;0.494280841818805;15.4936766272012;positive;0
301;0.94405699625188;0.494280841818805;1.90996072754516;positive;0
302;0.94405699625188;0.494280841818805;1.90996072754516;positive;0
303;0.94405699625188;0.494280841818805;1.90996072754516;positive;0
304;0.94405699625188;0.494280841818805;1.90996072754516;positive;0
305;0.94405699625188;0.494280841818805;1.90996072754516;positive;0
306;6.96508034560141;0.494280841818805;14.0913419180319;positive;0
307;0.94405699625188;0.494280841818805;1.90996072754516;positive;0
308;0.94405699625188;0.494280841818805;1.90996072754516;positive;0
309;0.94405699625188;0.494280841818805;1.90996072754516;positive;0
310;0.94405699625188;0.494280841818805;1.90996072754516;positive;0
311;0.94405699625188;0.494280841818805;1.90996072754516;positive;0
312;0.94405699625188;0.494280841818805;1.90996072754516;positive;0
313;0.94405699625188;0.494280841818805;1.90996072754516;positive;0
314;0.94405699625188;0.494280841818805;1.90996072754516;positive;0
315;0.94405699625188;0.494280841818805;1.90996072754516;positive;0
316;0.94405699625188;0.494280841818805;1.90996072754516;positive;0
317;0.94405699625188;0.494280841818805;1.90996072754516;positive;0
318;0.94405699625188;0.494280841818805;1.90996072754516;positive;0
319;0.94405699625188;0.494280841818805;1.90996072754516;positive;0
320;0.94405699625188;0.494280841818805;1.90996072754516;positive;0
321;0.94405699625188;0.494280841818805;1.90996072754516;positive;0
322;0.94405699625188;0.494280841818805;1.90996072754516;positive;0
323;0.94405699625188;0.494280841818805;1.90996072754516;positive;0
324;0.94405699625188;0.494280841818805;1.90996072754516;positive;0
325;0.94405699625188;0.494280841818805;1.90996072754516;positive;0
326;0.94405699625188;0.494280841818805;1.90996072754516;positive;0
327;0.94405699625188;0.494280841818805;1.90996072754516;positive;0
328;0.94405699625188;0.494280841818805;1.90996072754516;positive;0
329;0.94405699625188;0.494280841818805;1.90996072754516;positive;0
330;0.94405699625188;0.494280841818805;1.90996072754516;positive;0
331;0.94405699625188;0.494280841818805;1.90996072754516;positive;0
332;6.96508034560141;0.494280841818805;14.0913419180319;positive;0
333;0.94405699625188;0.494280841818805;1.90996072754516;positive;0
334;0.94405699625188;0.494280841818805;1.90996072754516;positive;0
335;0.94405699625188;0.494280841818805;1.90996072754516;positive;0
336;0.94405699625188;0.494280841818805;1.90996072754516;positive;0
337;0.94405699625188;0.494280841818805;1.90996072754516;positive;0
338;0.94405699625188;0.494280841818805;1.90996072754516;positive;0
339;0.94405699625188;0.494280841818805;1.90996072754516;positive;0
340;0.94405699625188;0.494280841818805;1.90996072754516;positive;0
341;0.94405699625188;0.494280841818805;1.90996072754516;positive;0
342;0.94405699625188;0.494280841818805;1.90996072754516;positive;0
343;0.94405699625188;0.494280841818805;1.90996072754516;positive;0
344;0.94405699625188;0.494280841818805;1.90996072754516;positive;0
345;0.94405699625188;0.494280841818805;1.90996072754516;positive;0
346;6.96508034560141;0.494280841818805;14.0913419180319;positive;0
347;0.94405699625188;0.494280841818805;1.90996072754516;positive;0
348;0.94405699625188;0.494280841818805;1.90996072754516;positive;0
349;0.94405699625188;0.494280841818805;1.90996072754516;positive;0
350;0.94405699625188;0.494280841818805;1.90996072754516;positive;0
351;0.94405699625188;0.494280841818805;1.90996072754516;positive;0
352;0.94405699625188;0.494280841818805;1.90996072754516;positive;0
353;0.94405699625188;0.494280841818805;1.90996072754516;positive;0
354;0.94405699625188;0.494280841818805;1.90996072754516;positive;0
355;0.94405699625188;0.494280841818805;1.90996072754516;positive;0
356;0.94405699625188;0.494280841818805;1.90996072754516;positive;0
357;0.94405699625188;0.494280841818805;1.90996072754516;positive;0
358;0.94405699625188;0.494280841818805;1.90996072754516;positive;0
359;0.94405699625188;0.494280841818805;1.90996072754516;positive;0
360;0.94405699625188;0.494280841818805;1.90996072754516;positive;0
361;0.94405699625188;0.494280841818805;1.90996072754516;positive;0
362;6.96508034560141;0.494280841818805;14.0913419180319;positive;0
363;0.94405699625188;0.494280841818805;1.90996072754516;positive;0
364;0.94405699625188;0.494280841818805;1.90996072754516;positive;0
365;0.94405699625188;0.494280841818805;1.90996072754516;positive;0
366;6.96508034560141;0.494280841818805;14.0913419180319;positive;0
367;0.94405699625188;0.494280841818805;1.90996072754516;positive;0
368;0.94405699625188;0.494280841818805;1.90996072754516;positive;0
369;0.94405699625188;0.494280841818805;1.90996072754516;positive;0
370;0.94405699625188;0.494280841818805;1.90996072754516;positive;0
371;12.9861036949509;0.494280841818805;26.2727231085186;positive;0
372;0.94405699625188;0.494280841818805;1.90996072754516;positive;0
373;0.94405699625188;0.494280841818805;1.90996072754516;positive;0
374;0.94405699625188;0.494280841818805;1.90996072754516;positive;0
375;0.94405699625188;0.494280841818805;1.90996072754516;positive;0
376;0.94405699625188;0.494280841818805;1.90996072754516;positive;0
377;0.94405699625188;0.494280841818805;1.90996072754516;positive;0
378;0.94405699625188;0.494280841818805;1.90996072754516;positive;0
379;6.96508034560141;0.494280841818805;14.0913419180319;positive;0
380;0.94405699625188;0.494280841818805;1.90996072754516;positive;0
381;0.94405699625188;0.494280841818805;1.90996072754516;positive;0
382;0.94405699625188;0.494280841818805;1.90996072754516;positive;0
383;0.94405699625188;0.494280841818805;1.90996072754516;positive;0
384;0.94405699625188;0.494280841818805;1.90996072754516;positive;0
385;0.94405699625188;0.494280841818805;1.90996072754516;positive;0
386;0.94405699625188;0.494280841818805;1.90996072754516;positive;0
387;0.94405699625188;0.494280841818805;1.90996072754516;positive;0
388;0.94405699625188;0.494280841818805;1.90996072754516;positive;0
389;0.94405699625188;0.494280841818805;1.90996072754516;positive;0
390;0.94405699625188;0.494280841818805;1.90996072754516;positive;0
391;0.94405699625188;0.494280841818805;1.90996072754516;positive;0
392;0.94405699625188;0.494280841818805;1.90996072754516;positive;0
393;6.96508034560141;0.494280841818805;14.0913419180319;positive;0
394;0.94405699625188;0.494280841818805;1.90996072754516;positive;0
395;0.94405699625188;0.494280841818805;1.90996072754516;positive;0
396;13.6792508755109;0.494280841818805;27.6750578176879;positive;0
397;0.94405699625188;0.494280841818805;1.90996072754516;positive;0
398;0.94405699625188;0.494280841818805;1.90996072754516;positive;0
399;0.94405699625188;0.494280841818805;1.90996072754516;positive;0
400;0.94405699625188;0.494280841818805;1.90996072754516;positive;0
401;0.94405699625188;0.494280841818805;1.90996072754516;positive;0
402;0.94405699625188;0.494280841818805;1.90996072754516;positive;0
403;0.94405699625188;0.494280841818805;1.90996072754516;positive;0
404;0.94405699625188;0.494280841818805;1.90996072754516;positive;0
405;0.94405699625188;0.494280841818805;1.90996072754516;positive;0
406;0.94405699625188;0.494280841818805;1.90996072754516;positive;0
407;0.94405699625188;0.494280841818805;1.90996072754516;positive;0
408;0.94405699625188;0.494280841818805;1.90996072754516;positive;0
409;0.94405699625188;0.494280841818805;1.90996072754516;positive;0
410;0.94405699625188;0.494280841818805;1.90996072754516;positive;0
411;0.94405699625188;0.494280841818805;1.90996072754516;positive;0
412;6.96508034560141;0.494280841818805;14.0913419180319;positive;0
413;0.94405699625188;0.494280841818805;1.90996072754516;positive;0
414;0.94405699625188;0.494280841818805;1.90996072754516;positive;0
415;0.94405699625188;7.65822752616135;0.12327356337049;negative;1
416;0.94405699625188;0.494280841818805;1.90996072754516;positive;0
417;6.96508034560141;14.8221742105039;0.469909491460809;negative;1
418;0.94405699625188;0.494280841818805;1.90996072754516;positive;0
419;6.96508034560141;0.494280841818805;14.0913419180319;positive;0
420;0.94405699625188;0.494280841818805;1.90996072754516;positive;0
421;0.94405699625188;0.494280841818805;1.90996072754516;positive;0
422;0.94405699625188;0.494280841818805;1.90996072754516;positive;0
423;0.94405699625188;0.494280841818805;1.90996072754516;positive;0
424;0.94405699625188;0.494280841818805;1.90996072754516;positive;0
425;6.96508034560141;0.494280841818805;14.0913419180319;positive;0
426;0.94405699625188;0.494280841818805;1.90996072754516;positive;0
427;0.94405699625188;0.494280841818805;1.90996072754516;positive;0
428;0.94405699625188;0.494280841818805;1.90996072754516;positive;0
429;0.94405699625188;0.494280841818805;1.90996072754516;positive;0
430;6.96508034560141;0.494280841818805;14.0913419180319;positive;0
431;0.94405699625188;7.65822752616135;0.12327356337049;negative;0
432;7.65822752616135;0.494280841818805;15.4936766272012;positive;0
433;0.94405699625188;0.494280841818805;1.90996072754516;positive;0
434;0.94405699625188;0.494280841818805;1.90996072754516;positive;0
435;0.94405699625188;0.494280841818805;1.90996072754516;positive;0
436;13.6792508755109;0.494280841818805;27.6750578176879;positive;0
437;6.96508034560141;0.494280841818805;14.0913419180319;positive;0
438;0.94405699625188;0.494280841818805;1.90996072754516;positive;0
439;0.94405699625188;0.494280841818805;1.90996072754516;positive;0
440;0.94405699625188;0.494280841818805;1.90996072754516;positive;0
441;0.94405699625188;7.65822752616135;0.12327356337049;negative;1
442;0.94405699625188;0.494280841818805;1.90996072754516;positive;0
443;0.94405699625188;0.494280841818805;1.90996072754516;positive;0
444;0.94405699625188;0.494280841818805;1.90996072754516;positive;0
445;7.65822752616135;0.494280841818805;15.4936766272012;positive;0
446;0.94405699625188;0.494280841818805;1.90996072754516;positive;0
447;0.94405699625188;0.494280841818805;1.90996072754516;positive;0
448;0.94405699625188;0.494280841818805;1.90996072754516;positive;0
449;0.94405699625188;0.494280841818805;1.90996072754516;positive;0
450;13.6792508755109;0.494280841818805;27.6750578176879;positive;0
451;0.94405699625188;0.494280841818805;1.90996072754516;positive;0
452;0.94405699625188;0.494280841818805;1.90996072754516;positive;0
453;0.94405699625188;0.494280841818805;1.90996072754516;positive;0
454;0.94405699625188;0.494280841818805;1.90996072754516;positive;0
455;0.94405699625188;0.494280841818805;1.90996072754516;positive;0
456;0.94405699625188;0.494280841818805;1.90996072754516;positive;0
457;0.94405699625188;0.494280841818805;1.90996072754516;positive;0
458;0.94405699625188;0.494280841818805;1.90996072754516;positive;0
459;0.94405699625188;0.494280841818805;1.90996072754516;positive;0
460;0.94405699625188;0.494280841818805;1.90996072754516;positive;0
461;0.94405699625188;0.494280841818805;1.90996072754516;positive;0
462;0.94405699625188;0.494280841818805;1.90996072754516;positive;0
463;0.94405699625188;0.494280841818805;1.90996072754516;positive;0
464;0.94405699625188;0.494280841818805;1.90996072754516;positive;0
465;0.94405699625188;0.494280841818805;1.90996072754516;positive;0
466;6.96508034560141;0.494280841818805;14.0913419180319;positive;0
467;0.94405699625188;0.494280841818805;1.90996072754516;positive;0
468;0.94405699625188;0.494280841818805;1.90996072754516;positive;0
469;0.94405699625188;0.494280841818805;1.90996072754516;positive;0
470;0.94405699625188;0.494280841818805;1.90996072754516;positive;0
471;0.94405699625188;0.494280841818805;1.90996072754516;positive;0
472;0.94405699625188;0.494280841818805;1.90996072754516;positive;0
473;0.94405699625188;0.494280841818805;1.90996072754516;positive;0
474;0.94405699625188;0.494280841818805;1.90996072754516;positive;0
475;0.94405699625188;0.494280841818805;1.90996072754516;positive;0
476;0.94405699625188;0.494280841818805;1.90996072754516;positive;0
477;0.94405699625188;0.494280841818805;1.90996072754516;positive;0
478;0.94405699625188;0.494280841818805;1.90996072754516;positive;0
479;0.94405699625188;0.494280841818805;1.90996072754516;positive;0
480;0.94405699625188;0.494280841818805;1.90996072754516;positive;0
481;0.94405699625188;0.494280841818805;1.90996072754516;positive;0
482;0.94405699625188;0.494280841818805;1.90996072754516;positive;0
483;0.94405699625188;0.494280841818805;1.90996072754516;positive;0
484;0.94405699625188;0.494280841818805;1.90996072754516;positive;0
485;6.96508034560141;0.494280841818805;14.0913419180319;positive;0
486;0.94405699625188;0.494280841818805;1.90996072754516;positive;0
487;0.94405699625188;0.494280841818805;1.90996072754516;positive;0
488;0.94405699625188;0.494280841818805;1.90996072754516;positive;0
489;0.94405699625188;0.494280841818805;1.90996072754516;positive;0
490;0.94405699625188;0.494280841818805;1.90996072754516;positive;0
491;0.94405699625188;0.494280841818805;1.90996072754516;positive;0
492;0.94405699625188;0.494280841818805;1.90996072754516;positive;0
493;0.94405699625188;0.494280841818805;1.90996072754516;positive;0
494;0.94405699625188;0.494280841818805;1.90996072754516;positive;0
495;0.94405699625188;0.494280841818805;1.90996072754516;positive;0
496;0.94405699625188;0.494280841818805;1.90996072754516;positive;0
497;0.94405699625188;0.494280841818805;1.90996072754516;positive;0
498;0.94405699625188;0.494280841818805;1.90996072754516;positive;0
499;0.94405699625188;0.494280841818805;1.90996072754516;positive;0
500;0.94405699625188;0.494280841818805;1.90996072754516;positive;0
501;0.94405699625188;0.494280841818805;1.90996072754516;positive;0
502;0.94405699625188;0.494280841818805;1.90996072754516;positive;0
503;0.94405699625188;7.65822752616135;0.12327356337049;negative;0
504;0.94405699625188;0.494280841818805;1.90996072754516;positive;0
505;0.94405699625188;0.494280841818805;1.90996072754516;positive;0
506;0.94405699625188;0.494280841818805;1.90996072754516;positive;0
507;0.94405699625188;0.494280841818805;1.90996072754516;positive;0
508;0.94405699625188;0.494280841818805;1.90996072754516;positive;0
509;0.94405699625188;0.494280841818805;1.90996072754516;positive;0
510;0.94405699625188;0.494280841818805;1.90996072754516;positive;0
511;0.94405699625188;0.494280841818805;1.90996072754516;positive;0
512;0.94405699625188;0.494280841818805;1.90996072754516;positive;0
513;0.94405699625188;0.494280841818805;1.90996072754516;positive;0
514;0.94405699625188;0.494280841818805;1.90996072754516;positive;0
515;6.96508034560141;0.494280841818805;14.0913419180319;positive;0
516;0.94405699625188;0.494280841818805;1.90996072754516;positive;0
517;0.94405699625188;0.494280841818805;1.90996072754516;positive;0
518;0.94405699625188;0.494280841818805;1.90996072754516;positive;0
519;0.94405699625188;0.494280841818805;1.90996072754516;positive;0
520;0.94405699625188;0.494280841818805;1.90996072754516;positive;0
521;0.94405699625188;0.494280841818805;1.90996072754516;positive;0
522;6.96508034560141;0.494280841818805;14.0913419180319;positive;0
523;0.94405699625188;0.494280841818805;1.90996072754516;positive;0
524;0.94405699625188;0.494280841818805;1.90996072754516;positive;0
525;0.94405699625188;0.494280841818805;1.90996072754516;positive;0
526;0.94405699625188;0.494280841818805;1.90996072754516;positive;0
527;0.94405699625188;0.494280841818805;1.90996072754516;positive;0
528;0.94405699625188;0.494280841818805;1.90996072754516;positive;0
529;0.94405699625188;0.494280841818805;1.90996072754516;positive;0
530;0.94405699625188;0.494280841818805;1.90996072754516;positive;0
531;0.94405699625188;0.494280841818805;1.90996072754516;positive;0
532;0.94405699625188;0.494280841818805;1.90996072754516;positive;0
533;0.94405699625188;0.494280841818805;1.90996072754516;positive;0
534;0.94405699625188;0.494280841818805;1.90996072754516;positive;0
535;0.94405699625188;0.494280841818805;1.90996072754516;positive;0
536;0.94405699625188;0.494280841818805;1.90996072754516;positive;0
537;0.94405699625188;0.494280841818805;1.90996072754516;positive;0
538;0.94405699625188;0.494280841818805;1.90996072754516;positive;0
539;0.94405699625188;0.494280841818805;1.90996072754516;positive;0
540;0.94405699625188;0.494280841818805;1.90996072754516;positive;0
541;0.94405699625188;0.494280841818805;1.90996072754516;positive;0
542;0.94405699625188;0.494280841818805;1.90996072754516;positive;0
543;0.94405699625188;0.494280841818805;1.90996072754516;positive;0
544;0.94405699625188;0.494280841818805;1.90996072754516;positive;0
545;0.94405699625188;0.494280841818805;1.90996072754516;positive;0
546;0.94405699625188;0.494280841818805;1.90996072754516;positive;0
547;0.94405699625188;0.494280841818805;1.90996072754516;positive;0
548;0.94405699625188;0.494280841818805;1.90996072754516;positive;0
549;0.94405699625188;0.494280841818805;1.90996072754516;positive;0
550;0.94405699625188;0.494280841818805;1.90996072754516;positive;0
551;0.94405699625188;0.494280841818805;1.90996072754516;positive;0
552;0.94405699625188;0.494280841818805;1.90996072754516;positive;0
553;0.94405699625188;0.494280841818805;1.90996072754516;positive;0
554;0.94405699625188;0.494280841818805;1.90996072754516;positive;0
555;0.94405699625188;0.494280841818805;1.90996072754516;positive;0
556;0.94405699625188;0.494280841818805;1.90996072754516;positive;0
557;0.94405699625188;0.494280841818805;1.90996072754516;positive;0
558;0.94405699625188;0.494280841818805;1.90996072754516;positive;0
559;6.96508034560141;0.494280841818805;14.0913419180319;positive;0
560;6.96508034560141;0.494280841818805;14.0913419180319;positive;0
561;0.94405699625188;0.494280841818805;1.90996072754516;positive;0
562;0.94405699625188;0.494280841818805;1.90996072754516;positive;0
563;0.94405699625188;0.494280841818805;1.90996072754516;positive;0
564;0.94405699625188;0.494280841818805;1.90996072754516;positive;0
565;0.94405699625188;0.494280841818805;1.90996072754516;positive;0
566;0.94405699625188;0.494280841818805;1.90996072754516;positive;0
567;0.94405699625188;0.494280841818805;1.90996072754516;positive;0
568;0.94405699625188;0.494280841818805;1.90996072754516;positive;0
569;0.94405699625188;0.494280841818805;1.90996072754516;positive;0
570;0.94405699625188;0.494280841818805;1.90996072754516;positive;0
571;0.94405699625188;0.494280841818805;1.90996072754516;positive;0
572;0.94405699625188;0.494280841818805;1.90996072754516;positive;0
573;0.94405699625188;0.494280841818805;1.90996072754516;positive;0
574;0.94405699625188;0.494280841818805;1.90996072754516;positive;0
575;0.94405699625188;0.494280841818805;1.90996072754516;positive;0
576;0.94405699625188;0.494280841818805;1.90996072754516;positive;0
577;0.94405699625188;0.494280841818805;1.90996072754516;positive;0
578;0.94405699625188;7.65822752616135;0.12327356337049;negative;0
579;0.94405699625188;0.494280841818805;1.90996072754516;positive;0
580;7.65822752616135;0.494280841818805;15.4936766272012;positive;0
581;0.94405699625188;0.494280841818805;1.90996072754516;positive;0
582;0.94405699625188;0.494280841818805;1.90996072754516;positive;0
583;0.94405699625188;0.494280841818805;1.90996072754516;positive;0
584;0.94405699625188;0.494280841818805;1.90996072754516;positive;0
585;0.94405699625188;0.494280841818805;1.90996072754516;positive;0
586;0.94405699625188;0.494280841818805;1.90996072754516;positive;0
587;0.94405699625188;0.494280841818805;1.90996072754516;positive;0
588;0.94405699625188;0.494280841818805;1.90996072754516;positive;0
589;0.94405699625188;0.494280841818805;1.90996072754516;positive;0
